barcode,名稱
101230,AKG  -  C391B Microphone
101231,AKG  -  C391B Microphone
102400,MARTIN  -  POWER AMPLIFIER
102810,AKG  -  C391B Microphone
102811,AKG  -  C391B Microphone
102812,AKG  -  C391B Microphone
102813,AKG  -  C391B Microphone
102929,STUDER  -  A721 CASS TAPE RECORDER
102947,SHURE  -  FP16A AUDIO DA
103199,MARTIN  -  POWER AMPLIFIER
103318,FOSTEX  -  6301B3X SPEAKER
103319,FOSTEX  -  6301B3X SPEAKER
103426,MARTIN  -  POWER AMPLIFIER
103428,MARTIN  -  POWER AMPLIFIER
103431,MARTIN  -  POWER AMPLIFIER
103600,FOSTEX  -  SPA11 LOUDSPEAKER
103601,FOSTEX  -  SPA11 LOUDSPEAKER
103603,FOSTEX  -  SPA11 LOUDSPEAKER
103609,NEXO  -  PS15 LOUDSPEAKER
103610,NEXO  -  PS15 LOUDSPEAKER
103612,NEXO  -  PS15 LOUDSPEAKER
103613,NEXO  -  PS15 LOUDSPEAKER
103614,NEXO  -  PS15 LOUDSPEAKER
103615,NEXO  -  PS15 LOUDSPEAKER
103616,NEXO  -  PS15 LOUDSPEAKER
103624,NEXO  -  PS15 LOUDSPEAKER
103625,CREST AUDIO  -  PL7001 POWER AMP
103626,CREST AUDIO  -  PL7001 POWER AMP
103627,NEXO  -  PS15TD SPEAKER CONTROLLER
103628,NEXO  -  PS15TD SPEAKER CONTROLLER
103629,NEXO  -  PS15TD SPEAKER CONTROLLER
103634,STUDER  -  A810-2/2 VUK TAPE RECORDER
103637,NEUMANN  -  U89I Microphone
103638,SONY  -  ECM-50PSW Microphone
103640,CROWN  -  PZM-6FS Microphone
103641,CROWN  -  PZM-6FS Microphone
103642,NEUMANN  -  U87I Microphone
103645,Sennheiser  -  MKH70P48 Microphone
103646,Sennheiser  -  MKH70P48 Microphone
103652,Neumann  -  KM184 MT Microphone
103653,Neumann  -  KM184 MT Microphone
103654,Neumann  -  KM184 MT Microphone
103655,Neumann  -  KM184 MT Microphone
103656,Neumann  -  KM184 MT Microphone
103657,Neumann  -  KM184 MT Microphone
103658,Neumann  -  KM184 MT Microphone
103659,Neumann  -  KM184 MT Microphone
103667,Neumann  -  KM140 Microphone
103668,Neumann  -  KM140 Microphone
103669,Neumann  -  KM140 Microphone
103670,Neumann  -  KM140 Microphone
103671,Neumann  -  KM140 Microphone
103672,Neumann  -  KM140 Microphone
103678,Sennheiser  -  SK 5012U BeltPack Transmitter
103679,Sennheiser  -  SK 5012U BeltPack Transmitter
103680,Sennheiser  -  SK 5012U BeltPack Transmitter
103681,Sennheiser  -  SK 5012U BeltPack Transmitter
103687,AKG  -  D320B Microphone
103688,AKG  -  D320B Microphone
103689,AKG  -  D330BT Microphone
103690,AKG  -  D330BT Microphone
103691,AKG  -  D320B Microphone
103692,AKG  -  D330BT Microphone
103693,AKG  -  D330BT Microphone
103694,AKG  -  D320B Microphone
103700,Shure  -  SM-58 Microphone
103701,Shure  -  SM-58 Microphone
103702,Shure  -  SM-58 Microphone
103703,Shure  -  SM-58 Microphone
103704,Shure  -  SM-58 Microphone
103705,Shure  -  SM-58 Microphone
103706,Shure  -  SM-58 Microphone
103707,Shure  -  SM-58 Microphone
103708,Shure  -  SM-58 Microphone
103709,Shure  -  SM-58 Microphone
103710,Shure  -  SM-58 Microphone
103722,Neumann  -  U87AI Microphone
103723,Neumann  -  U87AI Microphone
103724,Neumann  -  U87AI Microphone
103726,Neumann  -  U87AI Microphone
103729,AKG  -  C391B Microphone
103730,AKG  -  C391B Microphone
103732,AKG  -  C414EB Microphone
103749,Shure  -  SM-58 Microphone
103815,AKG  -  D222EB Microphone
103816,AKG  -  D202E1 Microphone
103817,AKG  -  D202E1 Microphone
103818,AKG  -  D202E1 Microphone
103819,AKG  -  D202E1 Microphone
103820,AKG  -  D202E1 Microphone
103821,AKG  -  D202E1 Microphone
103822,AKG  -  D202E1 Microphone
103823,AKG  -  D222 Microphone
103824,AKG  -  D222EB Microphone
103825,AKG  -  D222EB Microphone
103826,AKG  -  D222EB Microphone
103827,AKG  -  D222EB Microphone
103828,AKG  -  D222 Microphone
103829,AKG  -  D222 Microphone
103830,AKG  -  D222 Microphone
103831,AKG  -  D222 Microphone
103832,Neumann  -  KM184 MT Microphone
103833,Neumann  -  KM184 MT Microphone
103834,Neumann  -  U89i Microphone
103840,Shure  -  SM-58 Microphone
103841,Shure  -  SM-58 Microphone
103842,Shure  -  SM-58 Microphone
103843,Shure  -  SM-58 Microphone
103844,Shure  -  SM-58 Microphone
103845,Shure  -  SM-58 Microphone
103846,Shure  -  SM-58 Microphone
103847,Sennheiser  -  MKH70P48 Microphone
103848,Sennheiser  -  MKH70P48 Microphone
103849,Neumann  -  KM140 Microphone
103850,Neumann  -  KM140 Microphone
103851,Neumann  -  KM140 Microphone
103852,AKG  -  D330BT Microphone
103853,AKG  -  D330BT Microphone
103854,AKG  -  D330BT Microphone
103855,AKG  -  D330BT Microphone
103861,Shure  -  FP22 Headphone Amp
103862,Shure  -  FP22 Headphone Amp
103863,Shure  -  FP22 Headphone Amp
103864,Shure  -  FP22 Headphone Amp
103865,Shure  -  FP22 Headphone Amp
103866,Shure  -  FP22 Headphone Amp
103867,Shure  -  FP22 Headphone Amp
103868,Shure  -  FP22 Headphone Amp
103869,Shure  -  FP22 Headphone Amp
103870,Shure  -  FP22 Headphone Amp
103871,Shure  -  SM2 Headset Micphone
103872,Shure  -  SM2 Headset Micphone
103874,Shure  -  SM2 Headset Micphone
103877,Shure  -  M267 Mixer
103879,DIGITAL AUDIO  -  ADDA2402
103880,DIGITAL AUDIO  -  ADDA2402
103881,DIGITAL AUDIO  -  ADDA2402
103882,DIGITAL AUDIO  -  ADDA2402
103883,DIGITAL AUDIO  -  ADDA2402
103903,B & K  -  3529 Microphone
103905,B & K  -  3529 Microphone
103906,"DPA 3529  -  4009A, 4009B Microphone"
103907,"DPA CWPA 2338  -  4009A, 4009B Microphone"
103912,DRAWER  -  MX60 Preamp
103913,DRAWER  -  MX60 Preamp
103915,KLARK TEKNIK  -  DN410 EQ
103916,AUDIO DESIGN  -  PROBOX 8
103917,AUDIO DESIGN  -  PROBOX 8
103918,AUDIO DESIGN  -  PROBOX 8
103919,AUDIO DESIGN  -  PROBOX 8
103920,AUDIO DESIGN  -  PROBOX 8
103921,AUDIO DESIGN  -  PROBOX 8
103924,"YAMAHA  -  (A) PM5D, (B) P"
103925,ROGERS  -  LS3/5A Speaker
103926,ROGERS  -  LS3/5A Speaker
103927,MARTIN  -  Power Amp
103964,Shure  -  FP22 Headphone Amp
103965,Shure  -  FP22 Headphone Amp
103974,Shure  -  EP6R Wireless Receiver
103975,Shure  -  EP6R Wireless Receiver
103976,Shure  -  EP6R Wireless Receiver
103977,Shure  -  EP6R Wireless Receiver
103978,Shure  -  EP6R Wireless Receiver
103979,Shure  -  EP6R Wireless Receiver
103980,DK-AUDIO  -  MSD200/SA LCD Meter
103981,DK-AUDIO  -  MSD200/SA LCD Meter
103984,ASUS  -  L2400 Laptop
103985,Shure  -  M-367 Mixer
103987,Shure  -  M-367 Mixer
103988,Shure  -  M-367 Mixer
103989,KLARK TEKNIK  -  DN360 EQ
103990,KLARK TEKNIK  -  DN360 EQ
103993,KLARK TEKNIK  -  DN360 EQ
103994,KLARK TEKNIK  -  DN360 EQ
103995,KLARK TEKNIK  -  DN360 EQ
103996,KLARK TEKNIK  -  DN410 EQ
104000,STUDER  -  962 Mixer
104002,APT  -  APT-X ISDN Codec
104003,BSS  -  DPR-402 Compressor
104004,BSS  -  DPR-402 Compressor
104009,Sennheiser  -  EU 3032 Wireless Receiver
104012,Sennheiser  -  EU 3032 Wireless Receiver
104024,DIGITAL AUDIO  -  ADDA2402
104025,AUDIO DESIGN  -  PROBOX 8
104026,COMEX  -  Bluebox Codes
104029,BSS  -  DPR-402 Compressor
104032,Shure  -  M267 Mixer
104033,Shure  -  M267 Mixer
104034,Shure  -  M267 Mixer
104035,Shure  -  M267 Mixer
104036,Shure  -  M267 Mixer
104037,Shure  -  M267 Mixer
104038,Shure  -  M267 Mixer
104039,DIGITAL AUDIO  -  ADDA2402
104040,AUDIO DESIGN  -  PROBOX 8
104041,LEXICON  -  PCM-70 Reverb
104042,RANE  -  HCG Headphone Amp
104043,EVENTIDE  -  DSP 4000B-H processor
104044,DRAWER  -  MX60 Preamp
104048,YAMAHA  -  Octopre Mic Preamp
104049,YAMAHA  -  Octopre Mic Preamp
104050,LIEBERT  -  POWER SURE 1400 UPS
104053,YAMAHA  -  OCTOPRE
104054,BSS  -  DPR-402 Compressor
104055,Shure  -  M267 Mixer
104059,TC ELECTRONIC  -  DBMAX Processor
104060,RANE  -  HCG Headphone Amp
104061,BSS  -  DPR-402 Compressor
104062,LEXICON  -  LEXP-PCM81 Reverb
104070,ADA  -  ADA-2
104072,LEXICON  -  PCM81 Reverb
104074,RANE  -  HCG Headphone Amp
104079,LEXICON  -  PCM81 Reverb
104082,RANE  -  HCG Headphone Amp
104083,ADA  -  ADA-2
104246,ADA  -  ADA-2
104250,KLARK TEKNIK  -  DN360 EQ
104252,LIEBERT  -  POWER SURE 1400 UPS
104254,DRAWER  -  MX60 Preamp
104256,BSS  -  DPR-402 Compressor
104257,BSS  -  DPR-402 Compressor
104259,TELECAST  -  ADDR-162-M Fiber Optic Loom
104260,KLARK TEKNIK  -  DN360 EQ
104269,TELECAST  -  ADDR-162-M Fiber Optic Loom
104749,NEXO  -  PS15TD Controller
104917,SHURE  -  P6TRE1 IEM
104923,Sennheiser  -  HS-2 Headset Microphone
104925,Sennheiser  -  HS-2 Headset Microphone
104926,Sennheiser  -  HS-2 Headset Microphone
105161,Shure  -  M267 Mixer
105162,Audio Development  -  AD144 Mixer
105229,STUDER  -  1 CH-NG Telephone Hybrid
105230,Shure  -  M267 Mixer
105258,KEITH MONKS  -  CD/3 Cable Drum
105259,KEITH MONKS  -  CD/3 Cable Drum
105260,KEITH MONKS  -  CD/3 Cable Drum
105261,KEITH MONKS  -  CD/3 Cable Drum
105262,TSCAM 302  -  Cassette Desk
105735,COMEX  -  Bluebox Codes
105736,COMEX  -  Bluebox Codes
105737,LEXICON  -  LEXP-480L
105738,APT  -  DRT128
105739,RANE  -  RANP-HCG Headphone Amp
105746,RANE  -  RANP-HCG Headphone Amp
106051,SONY  -  ECM-50PSW Microphone
106072,Shure  -  FP22 Headphone Amp
106074,ADA  -  ADA-2
106117,B & K  -  3529 Microphone
106121,FOSTEX  -  6301B3X Fostex Speaker
106122,FOSTEX  -  6301B3X Fostex Speaker
106123,FOSTEX  -  6301B3X Fostex Speaker
106124,FOSTEX  -  6301B3X Fostex Speaker
106125,CLYDE  -  DA5-2
106131,STEINBERG  -  27350 Nuendo 3
106132,STEINBERG  -  27350 Nuendo 3
106134,STEINBERG  -  27350 Nuendo 3
106139,APOGEE  -  BIGBEN World Clock
106167,TASCAM  -  CD-01U PRO
106168,TASCAM  -  CD-01U PRO
106169,TASCAM  -  CD-01U PRO
106170,TASCAM  -  CD-01U PRO
106180,Shure  -  M267 Mixer
106181,Shure  -  M267 Mixer
106265,RME  -  HDSP MULTIFACEII
106315,DPA  -  4088F Microphone
106316,DPA  -  4088F Microphone
106317,DPA  -  4088F Microphone
106318,DPA  -  4088F Microphone
106319,DPA  -  4088F Microphone
106320,DPA  -  4088F Microphone
106321,DPA  -  4088F Microphone
106322,DPA  -  4088F Microphone
106357,Sennheiser  -  SKM 5200 Wireless Mic
106358,Sennheiser  -  SKM 5200 Wireless Mic
106359,Sennheiser  -  SKM 5200 Wireless Mic
106360,Sennheiser  -  SKM 5200 Wireless Mic
106361,Sennheiser  -  SKM 5200 Wireless Mic
106362,Sennheiser  -  SKM 5200 Wireless Mic
106517,TASCAM  -  MD350
106578,DENON  -  DN-C640 CD Player
106586,DENON  -  DN-C640 CD Player
106587,DENON  -  DN-C640 CD Player
106589,DENON  -  DN-C640 CD Player
106590,DENON  -  DN-C640 CD Player
106815,Audio Development  -  AD144 Mixer
106816,Audio Development  -  AD144 Mixer
106817,Audio Development  -  AD096 Meter Bridge
106818,Audio Development  -  AD096 Meter Bridge
107763,Sennheiser  -  HD25-13-II Headphone
107764,Sennheiser  -  HD25-13-II Headphone
107766,Sennheiser  -  HD25-13-II Headphone
107769,Sennheiser  -  HD25-13-II Headphone
107770,Sennheiser  -  HD25-13-II Headphone
107771,Sennheiser  -  HD25-13-II Headphone
107772,Sennheiser  -  HD25-13-II Headphone
107773,Sennheiser  -  HD25-13-II Headphone
107774,Sennheiser  -  HD25-13-II Headphone
107775,Sennheiser  -  HD25-13-II Headphone
107776,Sennheiser  -  HD25-13-II Headphone
107777,Sennheiser  -  HD25-13-II Headphone
107778,Sennheiser  -  HD25-13-II Headphone
107779,Sennheiser  -  HD25-13-II Headphone
107780,Sennheiser  -  HD25-13-II Headphone
107781,Sennheiser  -  HD25-13-II Headphone
107782,Sennheiser  -  HD25-13-II Headphone
107784,STK  -  VH-6 Headphonne Amp
107785,STK  -  VH-6 Headphonne Amp
107794,AVIOM  -  A16II
107795,AVIOM  -  A16II
107796,AVIOM  -  A16II
107797,AVIOM  -  A16II
107798,AVIOM  -  A16II
107799,AVIOM  -  A16II
107800,AVIOM  -  A16II
107801,AVIOM  -  A16II
107802,AVIOM  -  A16D
107803,AVIOM  -  A16D
107935,AVIOM  -  AN-16/I
107959,NIL  -  Mixer Case
107960,NIL  -  Mixer Case
107983,DENON  -  DN-F650R SD Player
107984,DENON  -  DN-F650R SD Player
107985,DENON  -  DN-F650R SD Player
108052,DA-CAPPO  -  Headset Micphone
108054,DA-CAPPO  -  Headset Micphone
108055,DA-CAPPO  -  Headset Micphone
108056,DA-CAPPO  -  Headset Micphone
108057,DA-CAPPO  -  Headset Micphone
108160,ULTIMATE  -  LIVE/T BLK Micphone Stand
108161,ULTIMATE  -  LIVE/T BLK Micphone Stand
108162,ULTIMATE  -  LIVE/T BLK Micphone Stand
108240,MOTOROLA  -  GP328 Walkie Talkie
108241,MOTOROLA  -  GP328 Walkie Talkie
108242,MOTOROLA  -  GP328 Walkie Talkie
108243,MOTOROLA  -  GP328 Walkie Talkie
108244,MOTOROLA  -  GP328 Walkie Talkie
108245,MOTOROLA  -  GP328 Walkie Talkie
108246,MOTOROLA  -  GP328 Walkie Talkie
108424,Sennheiser  -  SKM 5200 II-L Wireless Micphone
108425,Sennheiser  -  SKM 5200 II-L Wireless Micphone
108426,Sennheiser  -  SKM 5200 II-L Wireless Micphone
108427,Sennheiser  -  SKM 5200 II-L Wireless Micphone
108428,Sennheiser  -  SKM 5200 II-L Wireless Micphone
108429,Sennheiser  -  SKM 5200 II-L Wireless Micphone
108430,Sennheiser  -  SKM 5200 II-L Wireless Micphone
108431,Sennheiser  -  SKM 5200 II-L Wireless Micphone
108432,Neumann  -  KK105S Micphone Capsule
108433,Neumann  -  KK105S Micphone Capsule
108434,Neumann  -  KK105S Micphone Capsule
108435,Neumann  -  KK105S Micphone Capsule
108436,Neumann  -  KK105S Micphone Capsule
108437,Neumann  -  KK105S Micphone Capsule
108438,Neumann  -  KK105S Micphone Capsule
108439,Neumann  -  KK105S Micphone Capsule
108642,HP  -  HP ELITEBOOK 8560p
108783,Hand Carry Case
108784,Hand Carry Case
108785,Hand Carry Case
108786,Hand Carry Case
108787,Hand Carry Case
108788,Hand Carry Case
108789,Hand Carry Case
108790,Hand Carry Case
108791,Large Flight Case
108792,Large Flight Case
108793,Large Flight Case
108794,Large Flight Case
108795,Large Flight Case
108796,Flight Case 3U
108797,Flight Case 3U
108798,Flight Case 3U
108799,Flight Case 3U
108800,Flight Case 3U
108801,Flight Case 3U
108802,Flight Case 3U
108887,Shure  -  BETA- 58A Microphone
108888,Shure  -  BETA- 58A Microphone
108889,Shure  -  BETA- 58A Microphone
108890,Shure  -  BETA- 58A Microphone
108891,Shure  -  BETA- 58A Microphone
108892,Shure  -  BETA- 58A Microphone
108893,Shure  -  BETA- 58A Microphone
108894,Shure  -  BETA- 58A Microphone
108895,Shure  -  BETA- 58A Microphone
108896,Shure  -  BETA- 58A Microphone
108897,Shure  -  BETA- 58A Microphone
108898,Shure  -  BETA- 58A Microphone
108899,Shure  -  BETA- 58A Microphone
108900,Shure  -  BETA- 58A Microphone
108901,Shure  -  BETA- 58A Microphone
108902,Shure  -  BETA- 58A Microphone
108903,Shure  -  BETA- 58A Microphone
108904,Shure  -  BETA- 58A Microphone
108905,Shure  -  BETA- 58A Microphone
108906,Shure  -  BETA- 58A Microphone
108907,Shure  -  BETA- 58A Microphone
108908,Shure  -  BETA- 58A Microphone
108909,Shure  -  BETA- 58A Microphone
108910,Shure  -  BETA- 58A Microphone
108911,Shure  -  BETA- 58A Microphone
108912,Shure  -  BETA- 58A Microphone
108913,Shure  -  BETA- 58A Microphone
108914,Shure  -  BETA- 58A Microphone
108915,Shure  -  BETA- 58A Microphone
108916,Shure  -  BETA- 58A Microphone
108961,HIROSYS  -  HB-DA6TX DA
108962,HIROSYS  -  HB-DA6TX DA
108963,HIROSYS  -  HB-DA6TX DA
108964,K&M  -  Table Microphone Stand
108965,K&M  -  Table Microphone Stand
108966,K&M  -  Table Microphone Stand
108967,K&M  -  Table Microphone Stand
108968,K&M  -  Table Microphone Stand
108969,K&M  -  Floor Microphone Stand
108970,K&M  -  Floor Microphone Stand
108971,K&M  -  Floor Microphone Stand
108972,K&M  -  Floor Microphone Stand
108973,K&M  -  Floor Microphone Stand
108974,K&M  -  Floor Microphone Stand
108975,K&M  -  Floor Microphone Stand
108976,K&M  -  Floor Microphone Stand
108977,DPA  -  4015A Microphone
108978,DPA  -  4015A Microphone
108979,DPA  -  ST4006A Microphone
108980,DPA  -  ST4006A Microphone
109014,HIROSYS  -  HB-HD6 Headphone Amp
109015,HIROSYS  -  HB-HD6 Headphone Amp
109016,HIROSYS  -  HB-HD6 Headphone Amp
109017,HIROSYS  -  HB-HD6 Headphone Amp
109018,Beyer Dynamic  -  DT990 Headphone
109019,Beyer Dynamic  -  DT990 Headphone
109022,Beyer Dynamic  -  DT990 Headphone
109023,Beyer Dynamic  -  DT990 Headphone
109024,Beyer Dynamic  -  DT990 Headphone
109025,Beyer Dynamic  -  DT990 Headphone
109026,Beyer Dynamic  -  DT990 Headphone
109027,Beyer Dynamic  -  DT990 Headphone
109028,Beyer Dynamic  -  DT990 Headphone
109029,Beyer Dynamic  -  DT990 Headphone
109030,Beyer Dynamic  -  DT990 Headphone
109032,DENON  -  DN-F650R SD Player
109069,DPA  -  FIDF03 Microphone
109070,DPA  -  FIDF03 Microphone
109071,DPA  -  FIDF03 Microphone
109073,DPA  -  FIDF03 Microphone
109074,DPA  -  FIDF03 Microphone
109155,Shure  -  P10T IEM Transmitter
109156,Shure  -  P10T IEM Transmitter
109157,Shure  -  P10T IEM Transmitter
109158,Shure  -  P10T IEM Transmitter
109159,Shure  -  P10R IEM Receiver
109160,Shure  -  P10R IEM Receiver
109161,Shure  -  P10R IEM Receiver
109162,Shure  -  P10R IEM Receiver
109163,Shure  -  P10R IEM Receiver
109164,Shure  -  P10R IEM Receiver
109166,Shure  -  P10R IEM Receiver
109167,Shure  -  SE535 IEM
109168,Shure  -  SE535 IEM
109169,Shure  -  SE535 IEM
109170,Shure  -  SE535 IEM
109171,Shure  -  SE535 IEM
109172,Shure  -  SE535 IEM
109173,Shure  -  SE535 IEM
109174,Shure  -  SE535 IEM
109183,LENOVO  -  S30 Desktop PC
109318,DIGICO  -  SD11B Mixer
109319,DIGICO  -  SD11B Mixer
109322,SONIFLEX  -  RB-DA6 DA
109504,APT  -  Worldcast Equinox ISDN
109505,APT  -  Worldcast Equinox ISDN
109506,APT  -  Worldcast Equinox ISDN
109521,RME  -  RME FIREFACE UCX
109561,YAMAHA  -  CL3 Mixer
109562,Audio Development  -  AD147 Mixer
109563,Audio Development  -  AD147 Mixer
109564,MIDAS  -  XL48 Microphone Preamp
109565,MIDAS  -  XL48 Microphone Preamp
109566,MIDAS  -  XL48 Microphone Preamp
109602,DENON  -  DN-F650R SD Player
109603,DENON  -  DN-F650R SD Player
109775,NAGRA  -  VI Recorder
109776,NAGRA  -  VI Recorder
109777,NAGRA  -  LB Recorder
109844,TASCAM  -  DR100MKII SD Recorder
109845,TASCAM  -  DR100MKII SD Recorder
109932,Audio Development  -  AD147-8 Mixer
110088,CREST AUDIO  -  PL7001 PowerAmp
110584,DPA  -  HMA4000 Microophone Amp
110585,Shure  -  BETA- 87A Microphone
110586,Shure  -  BETA- 87A Microphone
110587,Shure  -  BETA- 58A Microphone
110588,Shure  -  BETA- 58A Microphone
110589,Shure  -  BETA- 58A Microphone
110590,Shure  -  BETA- 58A Microphone
110591,Shure  -  BETA- 58A Microphone
110592,Shure  -  BETA- 58A Microphone
110593,Shure  -  BETA- 58A Microphone
110594,Shure  -  BETA- 58A Microphone
110595,Shure  -  BETA- 58A Microphone
110596,Shure  -  BETA- 58A Microphone
110600,AKG  -  C420 Microphone
110601,AKG  -  C420 Microphone
110602,MACKIE  -  1402VLZ/ Mixer
110605,NEXO  -  PS10TD Speaker Controller
110606,NEXO  -  PS10 Speaker
110607,NEXO  -  PS10 Speaker
112014,Shure  -  FP16A DA
120084,DENON  -  DN-F650R SD Player
120086,DENON  -  DN-F650R SD Player
120092,DENON  -  DN-F650R SD Player
120108,DENON  -  DN-F650R SD Player
120113,DENON  -  DN-F650R SD Player
120115,DENON  -  DN-F650R SD Player
120116,DENON  -  DN-F650R SD Player
120176,RANE  -  HC6S Headphone Amp
120177,RANE  -  HC6S Headphone Amp
120179,KLARK TEKNIK  -  DN1248 PLUS Splitter
120180,KLARK TEKNIK  -  DN1248 PLUS Splitter
120208,NIL  -  Case For AD147
120209,NIL  -  Case For AD147
120255,Sennheiser  -  EM3732-II-L Wireless Mic
120256,Sennheiser  -  EM3732-II-L Wireless Mic
120293,BRICASTI  -  M7M Reverb
120567,SCHOEPS  -  CCM Microphone
120568,SCHOEPS  -  CCM Microphone
120807,DIGICO  -  SD9 Mixer
120808,BRICASTI  -  M7M Reverb
120895,Flight Case 3U
120896,Flight Case 3U
120897,Flight Case 3U
120898,Flight Case 3U
120899,Flight Case 3U
120900,Flight Case 3U
120901,Flight Case 3U
120902,Flight Case 3U
120903,Flight Case 3U
120904,Flight Case 3U
120905,Mixer Case 
121038,SOMMER  -  MONOCAT 212 Multicore Cable Drum
121039,DPA  -  VO4099U Microphone
121040,DPA  -  VO4099U Microphone
121041,DPA  -  VO4099U Microphone
121042,DPA  -  VO4099U Microphone
121058,DPA  -  4099 Lavalier Microphone
121059,DPA  -  4099 Lavalier Microphone
121060,DPA  -  4099 Lavalier Microphone
121061,DPA  -  4099 Lavalier Microphone
121062,DPA  -  4099 Lavalier Microphone
121063,DPA  -  4099 Lavalier Microphone
121064,DPA  -  4099 Lavalier Microphone
121065,DPA  -  4099 Lavalier Microphone
121066,DPA  -  4099 Lavalier Microphone
121067,DPA  -  4099 Lavalier Microphone
121572,DIGICO  -  SD9 Mixer
121573,DIGICO  -  D2 RACK
121574,WAVES  -  SGS IMPACT
121575,WAVES  -  SGS IMPACT
121576,L-ACOUSTICS  -  108P Speaker
121577,L-ACOUSTICS  -  108P Speaker
121578,L-ACOUSTICS  -  108P Speaker
121579,L-ACOUSTICS  -  108P Speaker
121580,L-ACOUSTICS  -  112P Speaker
121581,L-ACOUSTICS  -  112P Speaker
121582,L-ACOUSTICS  -  112P Speaker
121583,L-ACOUSTICS  -  112P Speaker
121586,PMC  -  TWOTWO.6 Speaker
121587,PMC  -  TWOTWO.6 Speaker
121588,PMC  -  TWOTWO.6 Speaker
121589,PMC  -  TWOTWO.6 Speaker
121590,DPA  -  VO4-CLASSIC  d:vote 4099 Microphone Kit
121591,KLOTZ  -  RC5EED100B Cat5E Drum
121611,APPLE  -  MACBOOK PRO
121612,STEINBERG  -  NUENDO 7
121738,NAGRA  -  NAGRA 7
121739,NAGRA  -  NAGRA 7
121740,NAGRA  -  NAGRA 7
121741,NAGRA  -  NAGRA 7
122052,RME  -  RME FIREFACE UCX
122794,DENON  -  DN-F700R SD Player
122795,DENON  -  DN-F700R SD Player
124407,TELOS  -  HX 2 Digital Hybrid
124409,TELOS  -  HX 2 Digital Hybrid
125355,RTS  -  MCE325 Intercom Unit
125392,LIVE U  -  4G Decorder
125411,TELOS  -  Z/IP ONE Live U Decorder
125904,WORLDCAST  -  APT IP/ISDN
125905,WORLDCAST  -  APT IP/ISDN
126042,Sennheiser  -  EM6000-Dante Wireless Receiver
126043,Sennheiser  -  EM6000-Dante Wireless Receiver
126044,Sennheiser  -  EM6000-Dante Wireless Receiver
126045,Sennheiser  -  EM6000-Dante Wireless Receiver
126046,Sennheiser  -  SK6000 Beltpack Transmitter
126047,Sennheiser  -  SK6000 Beltpack Transmitter
126048,Sennheiser  -  SK6000 Beltpack Transmitter
126049,Sennheiser  -  SK6000 Beltpack Transmitter
126050,Sennheiser  -  SK6000 Beltpack Transmitter
126051,Sennheiser  -  SK6000 Beltpack Transmitter
126052,Sennheiser  -  SK6000 Beltpack Transmitter
126053,Sennheiser  -  SK6000 Beltpack Transmitter
126054,Sennheiser  -  SKM6000 Handheld Microphone
126055,Sennheiser  -  SKM6000 Handheld Microphone
126056,Sennheiser  -  SKM6000 Handheld Microphone
126057,Sennheiser  -  SKM6000 Handheld Microphone
126058,Sennheiser  -  SKM6000 Handheld Microphone
126059,Sennheiser  -  SKM6000 Handheld Microphone
126060,Sennheiser  -  SKM6000 Handheld Microphone
126061,Sennheiser  -  SKM6000 Handheld Microphone
126062,DIGICO  -  X-SD-12-WS Mixer
Sonosax,Sonosax  -  SX-ST Mixer
Sonosax,Sonosax  -  SX-VT Mixer
905029,K&M  -  21300 Speaker Stand
905030,K&M  -  21300 Speaker Stand
905031,K&M  -  21300 Speaker Stand
905032,K&M  -  21300 Speaker Stand
905033,K&M  -  21300 Speaker Stand
905034,K&M  -  21300 Speaker Stand
905035,K&M  -  21300 Speaker Stand
905036,K&M  -  21300 Speaker Stand
905037,"NIL  -  Flight case For 2 12"" Speakers"
905038,"NIL  -  Flight case For 2 12"" Speakers"
905039,Audio Development  -  AD 114 Mixer
905040,"NIL  -  Flight case For 2 8"" Speakers"
905041,"NIL  -  Flight case For 2 8"" Speakers"
905042,AKG  -  C414XLS Microphone
905043,AKG  -  C414XLS Microphone
905044,Audio Development  -  AD 114 Mixer
905053,DPA  -  4188 Headset Microphone
905054,DPA  -  4188 Headset Microphone
905055,DPA  -  4188 Headset Microphone
905056,DPA  -  4188 Headset Microphone
905057,DPA  -  4188 Headset Microphone
905058,DPA  -  4188 Headset Microphone
905060,Sennheiser  -  EM3732-IIL Wireless Mic Receiver
905061,Sennheiser  -  AD3700 Booster Antenna 
905062,Sennheiser  -  AD3700 Booster Antenna 
905063,DPA  -  4003 Microphone
905064,DPA  -  4003 Microphone
905065,DPA  -  SC4098-BX3 Gooseneck Microphone
905066,DPA  -  SC4098-BX3 Gooseneck Microphone
905067,DPA  -  SC4098-BX3 Gooseneck Microphone
905068,DPA  -  SC4098-BX3 Gooseneck Microphone
905069,DPA  -  SC4098-BX3 Gooseneck Microphone
905070,DPA  -  SC4098-BX3 Gooseneck Microphone
905071,DPA  -  SC4098-BX3 Gooseneck Microphone
905072,DPA  -  SC4098-BX3 Gooseneck Microphone
905073,DPA  -  SC4098-BX3 Gooseneck Microphone
905074,DPA  -  SC4098-BX3 Gooseneck Microphone
905075,Sennheiser  -  EM3732-IIL Wireless Mic Receiver
905076,Schill  -  Sommer Cat6 Drum
905077,Schill  -  Sommer Cat6 Drum
905078,Schill  -  Sommer Cat6 Drum
905079,Schill  -  Sommer Cat6 Drum
905080,Sennheiser  -  HMD300 PRO Headset Microphone
905081,Sennheiser  -  HMD300 PRO Headset Microphone
905082,Sennheiser  -  HMD300 PRO Headset Microphone
905083,Sennheiser  -  HMD300 PRO Headset Microphone
905084,Radial  -  J48 DI Box
905085,Radial  -  J48 DI Box
905086,Radial  -  J48 DI Box
905087,Radial  -  J48 DI Box
905088,Radial  -  J48 DI Box
905089,Radial  -  J48 DI Box
905090,Radial  -  J48 DI Box
905091,Radial  -  J48 DI Box
905092,BRICASTI  -  M7 Reverb
905093,AKG  -  K271 MK II Headphone
905094,AKG  -  K271 MK II Headphone
905095,AKG  -  K271 MK II Headphone
905096,AKG  -  K271 MK II Headphone
905097,AKG  -  K271 MK II Headphone
905098,AKG  -  K271 MK II Headphone
905099,AKG  -  K271 MK II Headphone
905100,AKG  -  K271 MK II Headphone
905101,AKG  -  K271 MK II Headphone
905102,AKG  -  K271 MK II Headphone
905103,AKG  -  K271 MK II Headphone
905104,AKG  -  K271 MK II Headphone
905105,AKG  -  K271 MK II Headphone
905106,AKG  -  K271 MK II Headphone
905107,AKG  -  K271 MK II Headphone
905110,OTTO  -  CC-010A Single In-ear set earpiece
905111,OTTO  -  CC-010A Single In-ear set earpiece
905112,OTTO  -  CC-010A Single In-ear set earpiece
905113,OTTO  -  CC-010A Single In-ear set earpiece
905121,APPLE  -  MACBOOK PRO 
905122,STEINBERG  -  Nuendo 11 +E-Licenser
905123,Sennheiser  -  L6000 Wireless Microphone Battery Charger
905124,DPA  -  4080-DC-D-B00 Lavalier Microphone
905125,DPA  -  4080-DC-D-B00 Lavalier Microphone
905126,DPA  -  4080-DC-D-B00 Lavalier Microphone
905127,DPA  -  4080-DC-D-B00 Lavalier Microphone
905128,Sennheiser  -  SR2050 IEM Stereo Transmitter
905129,Sennheiser  -  SR2050 IEM Stereo Transmitter
905130,Sennheiser  -  EK2000 IEM Stereo Receiver
905131,Sennheiser  -  EK2000 IEM Stereo Receiver
905132,Sennheiser  -  EK2000 IEM Stereo Receiver
905133,Sennheiser  -  EK2000 IEM Stereo Receiver
905134,Sennheiser  -  AC3200-II Active Transmitter Combiner
905135,Sennheiser  -  BA 61 Rechargeable Battery for SK6000 Beltpack
905136,Sennheiser  -  BA 61 Rechargeable Battery for SK6000 Beltpack
905137,Sennheiser  -  BA 61 Rechargeable Battery for SK6000 Beltpack
905138,Sennheiser  -  BA 61 Rechargeable Battery for SK6000 Beltpack
905139,Sennheiser  -  BA 60 Rechargeable Battery for SKM6000
905140,Sennheiser  -  BA 60 Rechargeable Battery for SKM6000
905141,Sennheiser  -  BA 60 Rechargeable Battery for SKM6000
905142,Sennheiser  -  BA 60 Rechargeable Battery for SKM6000
905143,Waves  -  SuperRack
905144,HIROSYS  -  HB-HD6 Headphone Ampifier
905145,HIROSYS  -  HB-HD6 Headphone Ampifier
905146,HIROSYS  -  HB-HD6 Headphone Ampifier
905147,HIROSYS  -  HB-HD6 Headphone Ampifier
905148,HIROSYS  -  HB-HD6 Headphone Ampifier
905149,HIROSYS  -  HB-HD6 Headphone Ampifier
905150,HIROSYS  -  HB-DA6TX Analog Audio DA
905151,HIROSYS  -  HB-DA6TX Analog Audio DA
905152,HIROSYS  -  HB-DA6TX Analog Audio DA
905153,HIROSYS  -  HB-DA6TX Analog Audio DA
905154,HIROSYS  -  HB-DA6TX Analog Audio DA
905155,HIROSYS  -  HB-DA6TX Analog Audio DA
905156,RTW  -  TM3 Smart PPM Level Meter with case
905157,RTW  -  TM3 Smart PPM Level Meter with case
905158,RTW  -  TM3 Smart PPM Level Meter with case
905159,RTW  -  TM3 Smart PPM Level Meter with case
905160,Yamaha  -  DM7 Digital Mixer
905161,Yamaha  -  DM7 Digital Mixer
905162,AKG  -  HSC271 Headset Monitor
905163,AKG  -  HSC271 Headset Monitor
905164,AKG  -  HSC271 Headset Monitor
905165,AKG  -  HSC271 Headset Monitor
905166,Sennheiser  -  E901 Drum Microphone
905167,Sennheiser  -  E902 Drum Microphone
905168,Sennheiser  -  E904 Drum Microphone
905169,Sennheiser  -  E904 Drum Microphone
905170,Sennheiser  -  E904 Drum Microphone
905171,Sennheiser  -  E904 Drum Microphone
905172,Sennheiser  -  E904 Drum Microphone
905173,Sennheiser  -  E904 Drum Microphone
905174,YAMAHA  -  PY64-MD Madi Audio Interface Card
905175,Sennheiser  -  EK500G4 Pro Portable Boom Set Transmitter
905176,Sennheiser  -  SKP500G4 Pro Portable Boom Set Receiver
905177,Sennheiser  -  EK500G4 Pro Portable Boom Set Transmitter
905181,Sennheiser  -  SKP500G4 Pro Portable Boom Set Receiver
905178,Sennheiser  -  EK500G4 Pro Portable Boom Set Transmitter
905182,Sennheiser  -  SKP500G4 Pro Portable Boom Set Receiver
905180,Sennheiser  -  EK500G4 Pro Portable Boom Set Transmitter
905179,Sennheiser  -  SKP500G4 Pro Portable Boom Set Receiver
905183,Shure   -  PA805 Directional Antenna For PSM1000 IEM 
905184,Shure   -  PA805 Directional Antenna For PSM1000 IEM 
905185,Genelec  -  8040B Portable Monitoring Speaker
905186,Genelec  -  8040B Portable Monitoring Speaker
905187,DPA  -  2017 shotgun microphone
905188,DPA  -  2017 shotgun microphone
905189,DPA  -  2017 shotgun microphone
905190,DPA  -  2017 shotgun microphone
905197,Sennheiser  -  BA 60 Rechargeable Battery for SKM6000
905198,Sennheiser  -  BA 60 Rechargeable Battery for SKM6000
905199,Sennheiser  -  BA 60 Rechargeable Battery for SKM6000
905200,Sennheiser  -  BA 60 Rechargeable Battery for SKM6000
905191,Fostex  -  RM3 Stereo Rack Mount powered monitor
905192,RTS  -  KP4016 Rackpanel 16 keys Talkback system
905193,RTS  -  KP4016 Rackpanel 16 keys Talkback system
905194,Fostex  -  RM3 Stereo Rack Mount powered monitor
905195,RTS  -  KP4016 Rackpanel 16 keys Talkback system
905196,Fostex  -  RM3 Stereo Rack Mount powered monitor
905201,Neve  -  Portico II Master Buss Processor
H201,Sennheiser  -  MX365 Earpiece
H202,Sennheiser  -  MX365 Earpiece
H203,Sennheiser  -  MX365 Earpiece
H204,Sennheiser  -  MX365 Earpiece
H209,Sennheiser  -  CX100 Earpiece
H210,Sennheiser  -  CX100 Earpiece
H211,Sennheiser  -  CX100 Earpiece
H212,Sennheiser  -  CX100 Earpiece
H213,Sennheiser  -  CX100 Earpiece
H214,Sennheiser  -  CX100 Earpiece
H215,Sennheiser  -  CX100 Earpiece
H216,Sennheiser  -  CX100 Earpiece
